recording_id,label,rms,h1,h3,h5,h7,thd,crest,pf
E1_incandescent_r00,E1_incandescent,0.831164034746686,1.0,0.01874082890862246,0.009822234604599207,0.0005561571805092844,0.021948976541955788,1.6264316612807646,0.9995111494495225
E1_incandescent_r01,E1_incandescent,0.8298006333880451,1.0,0.019496339287001178,0.010181916984593227,0.000770639595932295,0.02240219388906548,1.6339597143029931,0.9958144496047597
E1_incandescent_r02,E1_incandescent,0.8309234211275283,1.0,0.018242062216229152,0.008651025805307414,0.0003844553785962811,0.020401284332005318,1.5735615632705937,0.9808801605992077
E1_incandescent_r03,E1_incandescent,0.8301169471053398,1.0,0.018854042090076458,0.009978296421187385,0.0007788888056864702,0.022096135533866464,1.4634506247220864,0.989927704773991
E1_incandescent_r04,E1_incandescent,0.8297893173502774,1.0,0.019747446348224257,0.01058435480203452,0.0010238036559637187,0.023276053873701914,1.896196047046882,0.9665261863782177
E1_incandescent_r05,E1_incandescent,0.8307477293705638,1.0,0.0185642555212825,0.010316921215788638,0.0011126449893466275,0.02226818454361046,1.5738943499710183,0.9860239449944791
E1_incandescent_r06,E1_incandescent,0.829489230798477,1.0,0.021737454034730423,0.008994206023603549,0.0012211755803002281,0.02412998319104533,1.6200004097434033,0.9920787142470211
E1_incandescent_r07,E1_incandescent,0.8306224701918709,1.0,0.019274795217167413,0.00883363660770497,0.0006355592154957921,0.021326654986869163,1.6371939824531156,0.9890965965906403
E1_incandescent_r08,E1_incandescent,0.8297274896034411,1.0,0.019827980832463052,0.00967603217414695,0.00032233918435263845,0.022113062816727452,1.4835622495034082,0.9995810197830364
E1_incandescent_r09,E1_incandescent,0.8304446480679144,1.0,0.017512479363230336,0.009567135230742766,0.0007512182352301801,0.020710831698891492,1.4677251177411654,0.9908909077935646
E1_incandescent_r10,E1_incandescent,0.8312502462598211,1.0,0.02036194926506667,0.009907799944789015,0.0017346258845093042,0.023368899830379018,1.7086667663783337,0.9992987468026906
E1_incandescent_r11,E1_incandescent,0.8299251330518268,1.0,0.019917319359106764,0.00969448726663957,0.00029341342942199744,0.022589012126115134,1.4734989027208223,0.9958313304002805
E1_incandescent_r12,E1_incandescent,0.83100940003705,1.0,0.018159529283120097,0.009373116141677186,0.0007984467942766735,0.02124835814585808,1.46187896885347,0.9858667603476856
E1_incandescent_r13,E1_incandescent,0.8306584833649276,1.0,0.017302762024236352,0.010186497163911963,0.000910765817495346,0.020727273022404364,1.8796597429890955,0.9908120233646703
E1_incandescent_r14,E1_incandescent,0.8300005946573032,1.0,0.01999594687183388,0.0097679389883227,0.0005270141088114501,0.022339936017908443,1.4830740952169341,0.9963769046904214
E1_incandescent_r15,E1_incandescent,0.8307260581306602,1.0,0.020421740838857234,0.010390023802125123,0.00046111700548323836,0.022986393738848074,1.7970510594246247,0.9871655065710034
E1_incandescent_r16,E1_incandescent,0.8302705020230641,1.0,0.02134463568011531,0.009183310040916905,0.00046456936039836015,0.023849602005669348,1.7786250663366652,0.9999601279975299
E1_incandescent_r17,E1_incandescent,0.8304545089820331,1.0,0.02031602748256615,0.009129153987506536,0.0001421412541631552,0.02231553685309226,1.458003837306637,0.9967395071730278
E1_incandescent_r18,E1_incandescent,0.8305588671239331,1.0,0.017746248547708874,0.01008427305115438,0.0003799570923835487,0.02108458544451017,1.4772259083455455,0.986136817139852
E1_incandescent_r19,E1_incandescent,0.8302118754890059,1.0,0.01912944288502347,0.009084356289272144,0.0003518205363873907,0.021206049922145045,1.8903775840204922,0.9992776523301323
E2_led_desk_lamp_r00,E2_led_desk_lamp,0.42129405378573404,1.0,0.35389013367201955,0.19978655639052598,0.09850684603334513,0.42116353090574593,1.5254760585805094,0.5716618574703812
E2_led_desk_lamp_r01,E2_led_desk_lamp,0.4219381200969731,1.0,0.3497910148204593,0.19950326194277102,0.09483816710417492,0.4162983045942297,1.456300901009338,0.6885849216227224
E2_led_desk_lamp_r02,E2_led_desk_lamp,0.42109739158223086,1.0,0.35141062919870614,0.20178053164255672,0.0997703018073136,0.4200510866066374,1.8228144674477356,0.663402443754906
E2_led_desk_lamp_r03,E2_led_desk_lamp,0.4212482042604956,1.0,0.3476813704523368,0.19695161302876868,0.09533236020102967,0.41382688990518934,1.8125967204815139,0.7229664036793312
E2_led_desk_lamp_r04,E2_led_desk_lamp,0.4209819657551564,1.0,0.3510439365876929,0.20017651534972783,0.10160045408413469,0.41952884652618194,2.1678775740383758,0.6163947560801595
E2_led_desk_lamp_r05,E2_led_desk_lamp,0.4210699618688654,1.0,0.35058478596882225,0.2007385326457103,0.0984874908379487,0.41861423164008904,1.5262879114435977,0.5971051858773475
E2_led_desk_lamp_r06,E2_led_desk_lamp,0.42194827490768744,1.0,0.3548566586572966,0.20348198976125836,0.09907381807139501,0.4237520587547593,3.0318977594608687,0.7549007866576605
E2_led_desk_lamp_r07,E2_led_desk_lamp,0.42082586791315907,1.0,0.34962995084496723,0.19896312383737227,0.09739356640796365,0.4169705333733494,1.4601499368717636,0.6664119094787756
E2_led_desk_lamp_r08,E2_led_desk_lamp,0.4206978368999799,1.0,0.35600326853433617,0.19939315312493272,0.09978236029889823,0.4229379431796052,1.6904583261252908,0.7384280861208199
E2_led_desk_lamp_r09,E2_led_desk_lamp,0.4207388381949227,1.0,0.3533256218113472,0.19891922366302345,0.10081957386051665,0.420673523992953,1.470028702722605,0.730111242408389
E2_led_desk_lamp_r10,E2_led_desk_lamp,0.4214494797598597,1.0,0.35200420208739397,0.20154607331759855,0.09936194470997868,0.42054748656758717,2.2897603659776484,0.671684328568855
E2_led_desk_lamp_r11,E2_led_desk_lamp,0.4211273984328574,1.0,0.3517767367012371,0.19923920002164938,0.09594503170889365,0.418454987723746,2.3010794896067983,0.7034586513881012
E2_led_desk_lamp_r12,E2_led_desk_lamp,0.42061698141478304,1.0,0.3503506894900227,0.1980615546187625,0.09790583684477698,0.41706765398761353,1.767419353598876,0.6597636578627013
E2_led_desk_lamp_r13,E2_led_desk_lamp,0.4217693510021323,1.0,0.34861525380777636,0.198754471194082,0.09614741989038593,0.4154248221827455,1.428223627317288,0.6443281863042698
E2_led_desk_lamp_r14,E2_led_desk_lamp,0.42188313332964833,1.0,0.35077954620720725,0.19781200714966402,0.0983447092627268,0.4171930916141492,2.392465068162834,0.6892833614204791
E2_led_desk_lamp_r15,E2_led_desk_lamp,0.4212565879550688,1.0,0.35296909196743453,0.19851715986464066,0.10077571952291531,0.42029948005110596,1.3725723104072307,0.6827684779292076
E2_led_desk_lamp_r16,E2_led_desk_lamp,0.4212251505925181,1.0,0.34868623779649494,0.19800882628792987,0.09819009604091751,0.4158854594939762,1.4970285598985869,0.7748492114416483
E2_led_desk_lamp_r17,E2_led_desk_lamp,0.42053442324518964,1.0,0.34861900610515545,0.19442173680583055,0.09471586248203401,0.4127221288490857,1.5665571529338027,0.7797861090226773
E2_led_desk_lamp_r18,E2_led_desk_lamp,0.4213891241358821,1.0,0.3506215574084995,0.20198856077540212,0.10109083886504126,0.42019181888082985,1.4581982051090225,0.7207367738154037
E2_led_desk_lamp_r19,E2_led_desk_lamp,0.4212537651809148,1.0,0.3541943119810286,0.20077866490855195,0.10032812242098296,0.42218596816367027,2.223868993571208,0.6288681369550857
E3_usb_charger_r00,E3_usb_charger,1.2498874241056779,1.0,0.4997845213775082,0.34670652342772734,0.19771940373084662,0.6505244087035759,1.668282114811378,0.47640271512491045
E3_usb_charger_r01,E3_usb_charger,1.251428315736098,1.0,0.5021431971067719,0.350021327671857,0.19905140891621637,0.6541326564829956,1.592173372964838,0.5814140410880915
E3_usb_charger_r02,E3_usb_charger,1.2510450663949677,1.0,0.49804998733267203,0.344441269688142,0.1901340230504418,0.6442743727493957,1.6957251408536544,0.5759985124473025
E3_usb_charger_r03,E3_usb_charger,1.2522004799315418,1.0,0.5018675331575356,0.3489862842734895,0.1975171352304056,0.6532619711579978,1.600844901997438,0.5537027449574625
E3_usb_charger_r04,E3_usb_charger,1.2508481881857598,1.0,0.5007475510472619,0.3470831546184876,0.1960011739432581,0.6507019290596987,1.6541156941250625,0.44288129166894386
E3_usb_charger_r05,E3_usb_charger,1.2512246901357609,1.0,0.4999256464256675,0.3452152582102548,0.19341096081381196,0.6480411002316737,1.6181947900212617,0.4407007579899741
E3_usb_charger_r06,E3_usb_charger,1.2524637456473162,1.0,0.5032367850137538,0.35055473338072574,0.1959416721746285,0.6543401645152621,1.8900476165006816,0.42152977545187054
E3_usb_charger_r07,E3_usb_charger,1.2512110429568302,1.0,0.49608365717919456,0.34349921748721585,0.190623812840144,0.642372490506066,1.5634669444753593,0.5932979646204263
E3_usb_charger_r08,E3_usb_charger,1.251713007864715,1.0,0.49733506781292836,0.3429003920303087,0.19102437049851814,0.6435914124264733,1.5692780229511247,0.5361560228402937
E3_usb_charger_r09,E3_usb_charger,1.2502620944556295,1.0,0.5002595181158762,0.3487994645856232,0.19871428677011466,0.6525114915954175,1.822475014378251,0.39316870764602674
E3_usb_charger_r10,E3_usb_charger,1.2523878312651424,1.0,0.5043475821855975,0.35264437786897135,0.1994456740623325,0.6582224516495727,1.8000778577642755,0.5883614489893279
E3_usb_charger_r11,E3_usb_charger,1.2509212745395324,1.0,0.5003433380117019,0.3465241228953453,0.19711941737303834,0.6506103969501454,1.5831555276173075,0.5269384790816939
E3_usb_charger_r12,E3_usb_charger,1.2511539500107973,1.0,0.5037375355491371,0.3467651808247126,0.1966234090457543,0.6531639400171041,1.5635382889600922,0.5133418992882649
E3_usb_charger_r13,E3_usb_charger,1.2509867270090915,1.0,0.4958304773262089,0.34303798400294216,0.18929525351976748,0.6413861336606046,1.6764788162583186,0.6518618408390615
E3_usb_charger_r14,E3_usb_charger,1.2516620306468766,1.0,0.5030188963503354,0.34932673617857535,0.19821062839799491,0.6545770253994949,1.5983144024221454,0.5849919813798778
E3_usb_charger_r15,E3_usb_charger,1.2514014310984898,1.0,0.5022568592168088,0.34720349224828195,0.19720154866673245,0.6522923452526479,1.6888025783326304,0.49393607920173116
E3_usb_charger_r16,E3_usb_charger,1.2519510608973865,1.0,0.5039042163256325,0.35023655533579506,0.20086638470990775,0.6568719371704149,1.720245360164124,0.6582338047860642
E3_usb_charger_r17,E3_usb_charger,1.2513786509205238,1.0,0.5001301967779216,0.34424958112599563,0.1931282276280042,0.6472547465869819,1.601896239082047,0.5757172863068246
E3_usb_charger_r18,E3_usb_charger,1.2514290663945289,1.0,0.4988102548997653,0.3403668595695168,0.1886425119211697,0.642285546417431,1.6243700401165178,0.45057665020080695
E3_usb_charger_r19,E3_usb_charger,1.2504505096466285,1.0,0.5003408384783747,0.34924731585086205,0.19903442261156934,0.6526535616813273,1.5579732929354269,0.5500083162090537
E4_ac_fan_r00,E4_ac_fan,0.6702906414876314,1.0,0.08416842836350538,0.05040940898078718,0.018398206684667937,0.09996349562590737,2.197122459355716,0.7041576748585866
E4_ac_fan_r01,E4_ac_fan,0.6703687942880907,1.0,0.08281170383574707,0.05027224559707799,0.019755050419631482,0.09893647831887392,1.4695863583709594,0.6138183526002372
E4_ac_fan_r02,E4_ac_fan,0.6701294524951739,1.0,0.08206151620670908,0.0481805649664167,0.017494856731223602,0.09684142098547817,1.4701112322330891,0.5524971337851395
E4_ac_fan_r03,E4_ac_fan,0.6701427370458465,1.0,0.08505136618827189,0.04903725470583547,0.018858672180914686,0.10013378971744674,1.644447654347427,0.5847630800102928
E4_ac_fan_r04,E4_ac_fan,0.6704722172889995,1.0,0.07977167678291286,0.051058100929394896,0.01880863387906415,0.0969675717307322,1.4393114138552232,0.6534496695089695
E4_ac_fan_r05,E4_ac_fan,0.6705336261998189,1.0,0.08155320632279993,0.04845791568772744,0.018607488938403624,0.09675859533651328,1.4391795986220997,0.6317941051447388
E4_ac_fan_r06,E4_ac_fan,0.6695296758317054,1.0,0.08413686198658171,0.05068061001829548,0.018350132846160754,0.10008782556744683,1.495500628910495,0.46076544349813275
E4_ac_fan_r07,E4_ac_fan,0.6692828206421686,1.0,0.08316523457261735,0.0496298994076735,0.019234116421058527,0.0988432557372574,1.839211082348504,0.5300854684170754
E4_ac_fan_r08,E4_ac_fan,0.6693874358292426,1.0,0.08388413423979696,0.05037392217882199,0.01851159496609184,0.09972062679262028,1.471740852056677,0.6228571493029019
E4_ac_fan_r09,E4_ac_fan,0.6698968414605786,1.0,0.0799585681691715,0.051759003623650414,0.0185020347156159,0.09713245385193557,1.4525772669025687,0.4500663547686317
E4_ac_fan_r10,E4_ac_fan,0.6698472739872925,1.0,0.0812101441764674,0.048711323934522044,0.01809101003868268,0.09657500498402774,2.0481952756323394,0.6515158437699864
E4_ac_fan_r11,E4_ac_fan,0.6700682904808003,1.0,0.08449564700426153,0.04750876120705346,0.017359493781598914,0.09865951800010266,1.4522055988908984,0.7129107438787714
E4_ac_fan_r12,E4_ac_fan,0.6691887382837123,1.0,0.0829180857820164,0.049753296975950705,0.020110133254207914,0.09890080487098414,1.4420719593875473,0.5929545533942201
E4_ac_fan_r13,E4_ac_fan,0.6706380580900296,1.0,0.07926501472665214,0.049395923737968465,0.02020260083076254,0.09559404199919119,1.4449636541743727,0.41991794660321785
E4_ac_fan_r14,E4_ac_fan,0.6694274098388457,1.0,0.08265446595268353,0.048506746291569584,0.018007636067051972,0.09766861009828216,1.4535958772732696,0.492159159660361
E4_ac_fan_r15,E4_ac_fan,0.6695981325661243,1.0,0.08239744106852437,0.051771917589197365,0.019581603556683366,0.0994163375679193,1.435172776400591,0.7260374162519768
E4_ac_fan_r16,E4_ac_fan,0.6708715406041064,1.0,0.08020663129630091,0.04970973303275918,0.018541980935966092,0.09624170117013997,1.8108312714225716,0.6987621670471864
E4_ac_fan_r17,E4_ac_fan,0.6704254297134729,1.0,0.08255485577066582,0.05048519878410349,0.020351634005951358,0.09894325113046981,1.8060261546485952,0.7442193589733439
E4_ac_fan_r18,E4_ac_fan,0.6695399589961379,1.0,0.08194758101705756,0.04894349808379862,0.018326085121678836,0.09723941241052778,1.4714055851729184,0.7596368632633798
E4_ac_fan_r19,E4_ac_fan,0.6698795817216586,1.0,0.08034021532020637,0.05063777858380011,0.0202379844876367,0.0971378695242084,1.446599725514281,0.6095149732811965
E5_dimmer_lamp_r00,E5_dimmer_lamp,0.4998334890642378,1.0,0.5945173872540279,0.3894714638938239,0.23601286172983293,0.7612529200781782,2.0435376855976433,0.3063441443272753
E5_dimmer_lamp_r01,E5_dimmer_lamp,0.5019391314936642,1.0,0.6040953550115078,0.40052535571810605,0.2506108015908985,0.7812540822124713,2.3159266522868616,0.47093669559073603
E5_dimmer_lamp_r02,E5_dimmer_lamp,0.5008731527444903,1.0,0.598023148831961,0.3906808970779837,0.2394018499801829,0.7662050018967836,1.757736316225141,0.5328767404735604
E5_dimmer_lamp_r03,E5_dimmer_lamp,0.5016458074104869,1.0,0.5996539748708388,0.3933327725703668,0.23798007214944453,0.7685195042331158,1.82731850465711,0.44382466638298423
E5_dimmer_lamp_r04,E5_dimmer_lamp,0.5013597195857828,1.0,0.5946812226902308,0.3918214530477309,0.23760363404530283,0.7633608033950233,2.6079262182985037,0.6433477234972855
E5_dimmer_lamp_r05,E5_dimmer_lamp,0.5017311745562907,1.0,0.5998795158034066,0.3914348539529684,0.23872415099040814,0.7674089268226477,1.947469634447949,0.528430734095982
E5_dimmer_lamp_r06,E5_dimmer_lamp,0.5010332977723653,1.0,0.6006015801623082,0.4000105360869649,0.24634330297491833,0.7775113613636785,2.038644090059257,0.3769873363139457
E5_dimmer_lamp_r07,E5_dimmer_lamp,0.5007782125769711,1.0,0.602088049301377,0.39995078777963183,0.24706764368516893,0.7783981261376457,2.096005124165165,0.6049292266871034
E5_dimmer_lamp_r08,E5_dimmer_lamp,0.5006592982925429,1.0,0.6013995918462622,0.3979721590480119,0.24916678698572398,0.7776102390313995,2.064310973628457,0.5562755628417846
E5_dimmer_lamp_r09,E5_dimmer_lamp,0.5012359455274634,1.0,0.6015011434843193,0.39467261862827474,0.244164848945328,0.7736021048400289,1.8931226049653187,0.5904210500615779
E5_dimmer_lamp_r10,E5_dimmer_lamp,0.5015955521172354,1.0,0.5965627579404139,0.3927794836719139,0.24481361937993057,0.768779007205014,1.9801280913059653,0.6685257412813905
E5_dimmer_lamp_r11,E5_dimmer_lamp,0.501699605021302,1.0,0.6021366441246866,0.39388636767319524,0.24296089304761345,0.7729324765376849,1.7709034042832155,0.5156985444508726
E5_dimmer_lamp_r12,E5_dimmer_lamp,0.5012499026722302,1.0,0.5982996049064422,0.3946050251374158,0.24171349392020614,0.770029469593744,1.9814935383058527,0.285320839416433
E5_dimmer_lamp_r13,E5_dimmer_lamp,0.5014363771269137,1.0,0.6042983769726086,0.40071688580426085,0.24632819281239754,0.7799161914452918,2.486994669617829,0.6348092489141866
E5_dimmer_lamp_r14,E5_dimmer_lamp,0.5000913229681255,1.0,0.6040263262060689,0.4011182960070413,0.2472105927351005,0.780046152436405,1.8007699977730833,0.5030595932382761
E5_dimmer_lamp_r15,E5_dimmer_lamp,0.5003597342459613,1.0,0.6027553935439548,0.39926017108205797,0.24783929866686105,0.7782175032164462,2.2104975287600754,0.5173530263290079
E5_dimmer_lamp_r16,E5_dimmer_lamp,0.5011122990929767,1.0,0.6006197466492623,0.39987956429657173,0.24752333344988675,0.7771812168839554,2.038322693885859,0.5400252163526973
E5_dimmer_lamp_r17,E5_dimmer_lamp,0.5012929182828482,1.0,0.5997483906284982,0.3918744049820024,0.24403214114451496,0.7702730986912241,1.884869624942076,0.5189742226304538
E5_dimmer_lamp_r18,E5_dimmer_lamp,0.5012097224412724,1.0,0.5932764652069754,0.38654060690218683,0.23781364507636404,0.7591867796250971,1.965574072195504,0.6365567626423911
E5_dimmer_lamp_r19,E5_dimmer_lamp,0.5016638775407805,1.0,0.5991210434919909,0.391644608134238,0.24015908208356443,0.7678157084581937,1.9156033631482188,0.34354136774916433
